time,outfall_gate_setting,inlet_gate_setting,pump_setting,pump_station_depth_m,pump_station_full_ratio,pump_station_operating_ratio,discharge_pipe_depth_m,discharge_pipe_full_ratio,discharge_node_depth_m,trunk_downstream_depth_m,trunk_drop_depth_m,pump_flow_cms,inlet_gate_flow_cms,outfall_gate_flow_cms
00:01:00,1.0,1.0,0.0,0.0,0.0,0.0,3.0480000000000003e-05,1.6933333333333336e-05,0.0,0.0,0.0,0.0,0.0,0.0
00:02:00,1.0,1.0,0.0,0.0,0.0,0.0,3.0480000000000003e-05,1.6933333333333336e-05,0.0,0.0,0.0,0.0,0.0,0.0
00:03:00,1.0,1.0,0.0,0.0,0.0,0.0,3.0480000000000003e-05,1.6933333333333336e-05,0.0,0.0,0.0,0.0,0.0,0.0
00:04:00,1.0,1.0,0.0,0.0,0.0,0.0,3.0480000000000003e-05,1.6933333333333336e-05,0.0,0.0,0.0,0.0,0.0,0.0
00:05:00,1.0,1.0,0.0,0.0,0.0,0.0,3.0480000000000003e-05,1.6933333333333336e-05,0.0,0.0,0.0,0.0,0.0,0.0
00:06:00,1.0,1.0,0.0,0.0,0.0,0.0,3.0480000000000003e-05,1.6933333333333336e-05,0.0,0.0,0.0,0.0,0.0,0.0
00:07:00,1.0,1.0,0.0,0.0,0.0,0.0,3.0480000000000003e-05,1.6933333333333336e-05,0.0,0.0,0.0,0.0,0.0,0.0
00:08:00,1.0,1.0,0.0,0.0,0.0,0.0,3.0480000000000003e-05,1.6933333333333336e-05,0.0,0.0,0.0,0.0,0.0,0.0
00:09:00,1.0,1.0,0.0,0.0,0.0,0.0,3.0480000000000003e-05,1.6933333333333336e-05,0.0,0.0,0.0,0.0,0.0,0.0
00:10:00,1.0,1.0,0.0,0.0,0.0,0.0,3.0480000000000003e-05,1.6933333333333336e-05,0.0,0.0,0.0,0.0,0.0,0.0
00:11:00,1.0,1.0,0.0,0.0,0.0,0.0,3.0480000000000003e-05,1.6933333333333336e-05,0.0,0.0,0.0,0.0,0.0,0.0
00:12:00,1.0,1.0,0.0,0.0,0.0,0.0,3.0480000000000003e-05,1.6933333333333336e-05,0.0,1.0517991922934252e-05,0.00011356737378883271,0.0,0.0,0.0
00:13:00,1.0,1.0,0.0,0.0,0.0,0.0,3.0480000000000003e-05,1.6933333333333336e-05,0.0,7.470509879917851e-05,0.0002260333181175799,0.0,0.0,0.0
00:14:00,1.0,1.0,0.0,6.437893052539105e-07,2.6824554385579605e-07,8.04736631567388e-07,3.0480000000000003e-05,1.6933333333333336e-05,0.0,0.00014115292272686968,0.0003261010431252651,0.0,8.454648717584291e-07,0.0
00:15:00,1.0,1.0,0.0,3.656632842631644e-06,1.5235970177631851e-06,4.570791053289555e-06,3.0480000000000003e-05,1.6933333333333336e-05,0.0,0.00022881677235326615,0.00046188991759539994,0.0,1.6939721181791024e-06,0.0
00:16:00,1.0,1.0,0.0,8.800195521736317e-06,3.666748134056799e-06,1.1000244402170397e-05,3.0480000000000003e-05,1.6933333333333336e-05,0.0,0.00032032492377107686,0.000655842726078581,0.0,2.5938658980079007e-06,0.0
00:17:00,1.0,1.0,0.0,1.610238805968827e-05,6.709328358203446e-06,2.0127985074610338e-05,3.0480000000000003e-05,1.6933333333333336e-05,0.0,0.0004200662210460643,0.0009334192298315942,0.0,3.503526030407636e-06,0.0
00:18:00,1.0,1.0,0.0,2.56709654118978e-05,1.069623558829075e-05,3.208870676487225e-05,3.0480000000000003e-05,1.6933333333333336e-05,0.0,0.0005325224972418612,0.0013020654877776592,0.0,4.492980170132957e-06,0.0
00:19:00,1.0,1.0,0.0,3.775278419983953e-05,1.573032674993314e-05,4.7190980249799416e-05,3.0480000000000003e-05,1.6933333333333336e-05,0.0,0.0006593613637102571,0.0017801327919360844,0.0,5.603216611898367e-06,0.0
00:20:00,1.0,1.0,0.0,5.266919969393347e-05,2.194549987247228e-05,6.583649961741683e-05,3.0480000000000003e-05,1.6933333333333336e-05,0.0,0.0008026620581128869,0.0024125469360177453,0.0,6.8607300946285005e-06,0.0
00:21:00,1.0,1.0,0.0,7.081258220298199e-05,2.950524258457583e-05,8.851572775372748e-05,3.0480000000000003e-05,1.6933333333333336e-05,0.0,0.000965925057277469,0.00328142942818772,0.0,8.300690706764955e-06,0.0
00:22:00,1.0,1.0,0.0,9.268080450740721e-05,3.861700187808634e-05,0.00011585100563425901,3.0480000000000003e-05,1.6933333333333336e-05,0.0,0.0011542143499934804,0.004472142368751808,0.0,9.976149448402817e-06,0.0
00:23:00,1.0,1.0,0.0,0.00011891245051792868,4.9546854382470286e-05,0.00014864056314741085,3.0480000000000003e-05,1.6933333333333336e-05,0.0,0.0013725045462424886,0.006021749211815201,0.0,1.1948797468105345e-05,0.0
00:24:00,1.0,1.0,0.0,0.00015029459325299673,6.262274718874864e-05,0.0001878682415662459,3.0480000000000003e-05,1.6933333333333336e-05,0.0,0.001625412282777338,0.007975049616523419,0.0,1.4281259491419228e-05,0.0
00:25:00,1.0,1.0,0.0,0.00018778100982367774,7.824208742653239e-05,0.00023472626227959717,3.0480000000000003e-05,1.6933333333333336e-05,0.0,0.0019190681994283906,0.010388806769430315,0.0,1.7053622008443623e-05,0.0
00:26:00,1.0,1.0,0.0,0.00023254115424466298,9.689214760194291e-05,0.0002906764428058287,3.0480000000000003e-05,1.6933333333333336e-05,0.0,0.0022593081619230798,0.013159067523009242,0.0,2.036121838438637e-05,0.0
00:27:00,1.0,1.0,0.0,0.00028596728994614704,0.00011915303747756127,0.0003574591124326838,3.0480000000000003e-05,1.6933333333333336e-05,0.0,0.0026498621008664053,0.01613702293467887,0.0,2.4292635368951388e-05,0.0
00:28:00,1.0,1.0,0.0,0.0003496537717302911,0.00014568907155428797,0.0004370672146628639,3.0480000000000003e-05,1.6933333333333336e-05,0.0,0.003092719324000335,0.0192153448935605,0.0,2.892855293120711e-05,0.0
00:29:00,1.0,1.0,0.0,0.00042539370679286315,0.00017724737783035964,0.000531742133491079,3.0480000000000003e-05,1.6933333333333336e-05,0.0,0.0035901990766792134,0.02243170905509609,0.0,3.4359325656169004e-05,0.0
00:30:00,1.0,1.0,0.0,0.0005152400855382001,0.00021468336897425007,0.0006440501069227501,3.0480000000000003e-05,1.6933333333333336e-05,0.0,0.004146903612283282,0.025859224392801552,0.0,4.0714797765272825e-05,0.0
00:31:00,1.0,1.0,0.0,0.0006216183836067498,0.00025900765983614575,0.0007770229795084372,3.0480000000000003e-05,1.6933333333333336e-05,0.0,0.0047697441762298955,0.02954782512586665,0.0,4.817698891899755e-05,0.0
00:32:00,1.0,1.0,0.0,0.0007474551365275554,0.00031143964021981477,0.0009343189206594441,3.0480000000000003e-05,1.6933333333333336e-05,0.0,0.005466623317674721,0.033414253629796775,0.0,5.6979095780760816e-05,0.0
00:33:00,1.0,1.0,0.0,0.0008962597479476536,0.0003734415616448557,0.001120324684934567,3.0480000000000003e-05,1.6933333333333336e-05,0.0,0.006242779553208815,0.03733645554942699,0.0,6.736656827551767e-05,0.0
00:34:00,1.0,1.0,0.0,0.0010721563997844901,0.00044673183324353755,0.0013401954997306125,3.0480000000000003e-05,1.6933333333333336e-05,0.0,0.007104947284952059,0.04148962404144325,0.0,7.959667223236506e-05,0.0
00:35:00,1.0,1.0,0.0,0.0012797658573558044,0.0005332357738982519,0.0015997073216947554,3.0480000000000003e-05,1.6933333333333336e-05,0.0,0.008065184475456,0.04598276976716753,0.0,9.390011542580508e-05,0.0
00:36:00,1.0,1.0,0.0,0.001524895238704384,0.0006353730161268267,0.00190611904838048,3.0480000000000003e-05,1.6933333333333336e-05,0.0,0.00913911238641979,0.05085336293842802,0.0,0.00011098698978227594,0.0
00:37:00,1.0,1.0,0.0,0.0018150603674515267,0.0007562751531048029,0.0022688254593144085,3.0480000000000003e-05,1.6933333333333336e-05,0.0,0.010344902753355693,0.05608761056240601,0.0,0.00013158464610174176,0.0
00:38:00,1.0,1.0,0.0,0.002159748130652444,0.0008998950544385184,0.002699685163315555,3.0480000000000003e-05,1.6933333333333336e-05,0.0,0.011703688259882205,0.06166594662602526,0.0,0.00015662420167938487,0.0
00:39:00,1.0,1.0,0.0,0.0025714523382622317,0.00107143847427593,0.0032143154228277894,3.0480000000000003e-05,1.6933333333333336e-05,0.0,0.013274836900872672,0.0675808422814691,0.0,0.0001878830076921292,0.0
00:40:00,1.0,1.0,0.0,0.0030679620244576608,0.001278317510190692,0.003834952530572076,3.0480000000000003e-05,1.6933333333333336e-05,0.0,0.015099241250216538,0.07381816136347867,0.0,0.00022768623115673118,0.0
00:41:00,1.0,1.0,0.0,0.0036724295640200503,0.0015301789850083543,0.004590536955025063,3.0480000000000003e-05,1.6933333333333336e-05,0.0,0.017196688440546684,0.08035862680040498,0.0,0.0002783300692887386,0.0
00:42:00,1.0,1.0,0.0,0.004414197536593138,0.0018392489735804742,0.005517746920741422,3.0480000000000003e-05,1.6933333333333336e-05,0.0,0.01958677757354953,0.08715433020814017,0.0,0.00034271554344792403,0.0
00:43:00,1.0,1.0,0.0,0.0053304622851935235,0.002221025952163968,0.006663077856491904,3.0480000000000003e-05,1.6933333333333336e-05,0.0,0.02228868673465701,0.09416705995355479,0.0,0.0004245213445762828,0.0
00:44:00,1.0,1.0,0.0,0.006468383631370858,0.002695159846404524,0.008085479539213571,3.0480000000000003e-05,1.6933333333333336e-05,0.0,0.025321369779653657,0.10134297844520611,0.0,0.0005284135611189796,0.0
00:45:00,1.0,1.0,0.0,0.007887733169584653,0.003286555487326939,0.009859666461980816,3.0480000000000003e-05,1.6933333333333336e-05,0.0,0.028703369319589184,0.10863297045449956,0.0,0.0006602883672600703,0.0
00:46:00,1.0,1.0,0.0,0.0096642408147663,0.004026767006152626,0.012080301018457876,3.0480000000000003e-05,1.6933333333333336e-05,0.0,0.032458825864449925,0.11601641328368031,0.0,0.0008276768361703713,0.0
00:47:00,1.0,1.0,0.0,0.011895697690125887,0.00495654070421912,0.014869622112657358,3.0480000000000003e-05,1.6933333333333336e-05,0.0,0.036650690875734346,0.12344961416170944,0.0,0.0010418906709652436,0.0
00:48:00,1.0,1.0,0.0,0.014710664917476284,0.006129443715615118,0.018388331146845353,3.0480000000000003e-05,1.6933333333333336e-05,0.0,0.04132727417042952,0.13088394302444428,0.0,0.0013177035388610172,0.0
00:49:00,1.0,1.0,0.0,0.018778666222872494,0.007824444259530206,0.023473332778590615,3.0480000000000003e-05,1.6933333333333336e-05,0.0,0.0463373215404649,0.1382741309300498,0.0,0.0025179247704008993,0.0
00:50:00,1.0,1.0,0.0,0.0279752385856781,0.011656349410699209,0.03496904823209762,3.0480000000000003e-05,1.6933333333333336e-05,0.0,0.05115393593409914,0.14559984753012592,0.0,0.004733031705468893,0.0
00:51:00,1.0,1.0,0.0,0.04086548458446965,0.01702728524352902,0.05108185573058706,3.0480000000000003e-05,1.6933333333333336e-05,0.0,0.05623203844523005,0.15286333894310086,0.0,0.006017902457503037,0.0
00:52:00,1.0,1.0,0.0,0.05700309572518446,0.023751289885493524,0.07125386965648056,3.0480000000000003e-05,1.6933333333333336e-05,0.0,0.061554904390814215,0.16004291196734238,0.0,0.007488514318463679,0.0
00:53:00,1.0,1.0,0.0,0.07703045073725866,0.03209602114052444,0.09628806342157331,3.0480000000000003e-05,1.6933333333333336e-05,0.0,0.06714882214674263,0.16709378406442252,0.0,0.009260942963144657,0.0
00:54:00,1.0,1.0,0.0,0.10168250333310977,0.042367709722129075,0.1271031291663872,3.0480000000000003e-05,1.6933333333333336e-05,0.0,0.0729736931486026,0.17399289272968227,0.0,0.01134810995304495,0.0
00:55:00,1.0,1.0,0.0,0.13178635794934973,0.054910982478895726,0.16473294743668715,3.0480000000000003e-05,1.6933333333333336e-05,0.0,0.07896636146925827,0.1807192731953326,0.0,0.013815851108436385,0.0
00:56:00,1.0,1.0,0.0,0.1682400541144174,0.07010002254767392,0.21030006764302173,3.0480000000000003e-05,1.6933333333333336e-05,0.0,0.08506026612803927,0.18726694313719947,0.0,0.016631465438735744,0.0
00:57:00,1.0,1.0,0.0,0.21183065091173153,0.08826277121322147,0.2647883136396644,3.0480000000000003e-05,1.6933333333333336e-05,0.0,0.0911955776458172,0.19363754563144317,0.0,0.01976228628539881,0.0
00:58:00,1.0,1.0,0.0,0.26292754730227164,0.10955314470927985,0.32865943412783954,3.0480000000000003e-05,1.6933333333333336e-05,0.0,0.09734447308640418,0.19981878518214688,0.0,0.021596352133695717,0.0
00:59:00,1.0,1.0,0.0,0.30486241098532546,0.12702600457721894,0.3810780137316568,3.0480000000000003e-05,1.6933333333333336e-05,0.0,0.10349592682570297,0.20577802872273798,0.0,0.013741936286410227,0.0
01:00:00,1.0,1.0,0.0,0.3343161331591814,0.13929838881632559,0.41789516644897673,3.0480000000000003e-05,1.6933333333333336e-05,0.0,0.11028979435824733,0.21149776841562654,0.0,0.011711047139520002,0.0
01:01:00,1.0,1.0,0.0,0.36371996141541635,0.15154998392309016,0.4546499517692704,3.0480000000000003e-05,1.6933333333333336e-05,0.0,0.11731797566685744,0.21695001537438427,0.0,0.012980347853795213,0.0
01:02:00,1.0,1.0,0.0,0.39585216183293287,0.16493840076372204,0.49481520229116605,3.0480000000000003e-05,1.6933333333333336e-05,0.0,0.12405671630446302,0.2221433102010951,0.0,0.013718211036730958,0.0
01:03:00,1.0,1.0,0.0,0.42920943755770574,0.17883726564904406,0.5365117969471321,3.0480000000000003e-05,1.6933333333333336e-05,0.0,0.1308829485360702,0.2270820300216451,0.0,0.013405920427810433,0.0
01:04:00,1.0,1.0,0.0,0.45659579450662097,0.19024824771109208,0.5707447431332762,3.0480000000000003e-05,1.6933333333333336e-05,0.0,0.13981957523676894,0.23172622272042603,0.0,2.8320000000000003e-05,0.0
01:05:00,1.0,1.0,0.0,0.46971522139572697,0.19571467558155292,0.5871440267446587,3.0480000000000003e-05,1.6933333333333336e-05,0.0,0.15388972093776054,0.23592632097018978,0.0,2.8320000000000003e-05,0.0
01:06:00,1.0,1.0,0.0,0.4739901276027345,0.1974958865011394,0.5924876595034181,3.0480000000000003e-05,1.6933333333333336e-05,0.0,0.1715581035132027,0.23948869149305987,0.0,2.8320000000000003e-05,0.0
01:07:00,1.0,1.0,0.0,0.489704731737362,0.20404363822390084,0.6121309146717024,3.0480000000000003e-05,1.6933333333333336e-05,0.0,0.18731177641099822,0.24237620328972395,0.0,0.0022549166374146775,0.0
01:08:00,1.0,1.0,0.0,0.5156233610100167,0.21484306708750697,0.6445292012625209,3.0480000000000003e-05,1.6933333333333336e-05,0.0,0.2013152827512952,0.24469630472463144,0.0,0.0006925595021458049,0.0
01:09:00,1.0,1.0,0.0,0.5324658954163312,0.22186078975680465,0.6655823692704139,3.0480000000000003e-05,1.6933333333333336e-05,0.0,0.21884467140422217,0.24641820591436747,0.0,-2.8320000000000003e-05,0.0
01:10:00,1.0,1.0,0.0,0.5426903167608601,0.22612096531702505,0.6783628959510751,3.0480000000000003e-05,1.6933333333333336e-05,0.0,0.23930702130528927,0.24738560912364352,0.0,-2.8320000000000003e-05,0.0
01:11:00,1.0,1.0,0.0,0.5662054998022149,0.23591895825092288,0.7077568747527686,3.0480000000000003e-05,1.6933333333333336e-05,0.0,0.25722770602684747,0.2476983618447449,0.0,-2.8320000000000003e-05,0.0
01:12:00,1.0,1.0,0.0,0.5910540641165049,0.24627252671521035,0.738817580145631,3.0480000000000003e-05,1.6933333333333336e-05,0.0,0.2746465106160512,0.24808055215361313,0.0,-2.8320000000000003e-05,0.0
01:13:00,1.0,1.0,0.0,0.601555747363863,0.25064822806827625,0.7519446842048286,3.0480000000000003e-05,1.6933333333333336e-05,0.0,0.2954115145308777,0.24863633750181985,0.0,-2.8320000000000003e-05,0.0
01:14:00,1.0,1.0,0.0,0.621199598919114,0.25883316621629754,0.7764994986488924,3.0480000000000003e-05,1.6933333333333336e-05,0.0,0.31337201655422076,0.24934007132000718,0.0,-2.8320000000000003e-05,0.0
01:15:00,1.0,1.0,0.0,0.6459741128710189,0.26915588036292454,0.8074676410887736,3.0480000000000003e-05,1.6933333333333336e-05,0.0,0.3298247439632984,0.25017055561138896,0.0,-2.8320000000000003e-05,0.0
01:16:00,1.0,1.0,0.0,0.6547821426692624,0.2728258927788593,0.8184776783365779,3.0480000000000003e-05,1.6933333333333336e-05,0.0,0.3500238723090658,0.2511102635166941,0.0,2.8320000000000003e-05,0.0
01:17:00,1.0,1.0,0.0,0.67699651272573,0.2820818803023875,0.8462456409071625,3.0480000000000003e-05,1.6933333333333336e-05,0.0,0.3668652869788863,0.2521397571114295,0.0,-2.8320000000000003e-05,0.0
01:18:00,1.0,1.0,0.0,0.6975343513471234,0.2906393130613014,0.8719179391839041,3.0480000000000003e-05,1.6933333333333336e-05,0.0,0.3837617137440837,0.2532207528602382,0.0,2.8320000000000003e-05,0.0
01:19:00,1.0,1.0,0.0,0.7067205265783666,0.2944668860743194,0.8834006582229582,3.0480000000000003e-05,1.6933333333333336e-05,0.0,0.40355171231769316,0.2543126758833016,0.0,2.8320000000000003e-05,0.0
01:20:00,1.0,1.0,0.0,0.7339953954677535,0.3058314147782306,0.9174942443346918,3.0480000000000003e-05,1.6933333333333336e-05,0.0,0.4188850420922452,0.25538613334479404,0.0,-2.8320000000000003e-05,0.0
01:21:00,1.0,1.0,0.0,0.7452143819234734,0.31050599246811394,0.9315179774043417,3.0480000000000003e-05,1.6933333333333336e-05,0.0,0.4378551531966004,0.2564169122992666,0.0,2.8320000000000003e-05,0.0
01:22:00,1.0,1.0,0.0,0.763019965659752,0.31792498569156336,0.9537749570746901,3.0480000000000003e-05,1.6933333333333336e-05,0.0,0.4552258238895651,0.25738370777071656,0.0,2.8320000000000003e-05,0.0
01:23:00,1.0,1.0,0.0,0.7849609892236207,0.3270670788431753,0.9812012365295258,3.0480000000000003e-05,1.6933333333333336e-05,0.0,0.4715318545590093,0.25826902297432996,0.0,2.8320000000000003e-05,0.0
01:24:00,1.0,1.0,0.0,0.7941967586861999,0.33091531611924996,0.9927459483577498,3.0480000000000003e-05,1.6933333333333336e-05,0.0,0.4908924657033769,0.2590585457837453,0.0,2.8320000000000003e-05,0.0
01:25:00,1.0,1.0,1.0,0.6699560035986141,0.27914833483275586,0.8374450044982675,0.17705391295411638,0.0983632849745091,0.3268915959276818,0.4862842814756046,0.2597437585923352,0.41994456914397593,0.42203128851109106,0.014439514671695602
01:26:00,1.0,1.0,1.0,0.716663693700072,0.29860987237503,0.8958296171250899,0.2894565967174027,0.16080922039855705,0.42456117895751416,0.4323152967073101,0.2603232970479471,0.46667026031556047,0.4698320295626802,0.1992669507483362
01:27:00,1.0,1.0,1.0,0.6648166297689541,0.27700692907039753,0.8310207872111925,0.32192885712648145,0.17884936507026747,0.4044500651147466,0.40203553097469347,0.2607944081335105,0.41480880485463756,0.3833037265238182,0.3883194655883507
01:28:00,1.0,1.0,1.0,0.6172068943101997,0.25716953929591657,0.7715086178877496,0.3133145971922369,0.1740636651067983,0.3777495832273437,0.37758985246992305,0.2611548686113533,0.36720394173976467,0.35835627714317775,0.41273045001657016
01:29:00,1.0,1.0,1.0,0.5983100779321382,0.24929586580505758,0.7478875974151727,0.30562797552250187,0.16979331973472325,0.37916307262945864,0.3504095646104926,0.26140690124405536,0.3483085691673956,0.3385296960598803,0.37174044049388755
01:30:00,0.0,1.0,1.0,0.570145784975629,0.2375607437398454,0.7126822312195361,0.29970570657677265,0.16650317032042924,0.3763390350226152,0.3287092876628474,0.2615540070532708,0.32014312416435153,0.30782541394704105,0.35010426186391946
01:31:00,0.0,1.0,1.0,0.5426655440461067,0.22611064335254447,0.6783319300576333,0.3650428387804441,0.2028015771002467,0.3589433771454415,0.3108143296767151,0.2616010487899449,0.2926632123862867,0.2823701270664566,0.0
01:32:00,0.0,1.0,1.0,0.519883144846469,0.2166179770193621,0.6498539310580862,0.4220581766745081,0.23447676481917118,0.3525708799631413,0.2954581974667646,0.2615539238448273,0.2698812282499401,0.26111728465605466,0.0
01:33:00,0.0,1.0,1.0,0.4998599342955268,0.20827497262313616,0.6248249178694084,0.47355353366750796,0.26308529648194884,0.35492154981750734,0.28265720574924663,0.26141897005633435,0.24992945008672984,0.24205354561050246,0.0
01:34:00,0.0,1.0,1.0,0.47835061248723854,0.19931275520301606,0.5979382656090482,0.5298201779204436,0.2943445432891353,0.42090665473646227,0.2720889656247642,0.26120298648672596,0.23917484274650735,0.22975458072370408,0.0
01:35:00,0.0,1.0,1.0,0.45554689188300995,0.18981120495125414,0.5694336148537624,0.5874729837457884,0.3263738798587713,0.5257131422343957,0.26331296577974295,0.26091413948876974,0.2277729414590416,0.21841600120358826,0.0
01:36:00,0.0,1.0,1.0,0.43406250866908197,0.18085937861211748,0.5425781358363524,0.6337883445794529,0.3521046358774738,0.5658785253874568,0.25562373856516635,0.2606558156229875,0.21703078249975802,0.20857358292204667,0.0
01:37:00,0.0,1.0,1.0,0.41476694553338633,0.172819560638911,0.5184586819167328,0.672230177233585,0.3734612095742139,0.5610912174388064,0.24843537018022122,0.2606161739857538,0.2073830491742353,0.19979041275296083,0.0
01:38:00,0.0,1.0,1.0,0.39754136044830646,0.1656422335201277,0.4969267005603831,0.7165649237500058,0.3980916243055588,0.6216312124164945,0.24161284779099254,0.26079467521970406,0.19877030153649874,0.19204748170638264,0.0
01:39:00,0.0,1.0,1.0,0.3823982846272654,0.15933261859469391,0.4779978557840817,0.7613444328445292,0.4229691293580718,0.702984283087115,0.23509188342901224,0.2611347016742711,0.19119881313646325,0.18531384537545217,0.0
01:40:00,0.0,1.0,1.0,0.3690272995942852,0.15376137483095217,0.4612841244928565,0.7953572294663779,0.441865127481321,0.7034649401585463,0.22886778666787175,0.2615902753287006,0.18451335878729178,0.1792648568500122,0.0
01:41:00,0.0,1.0,1.0,0.3571015460384975,0.14879231084937394,0.44637693254812183,0.8303503769945993,0.4613057649969996,0.7234273337514906,0.22292822906357573,0.2621234489997601,0.17855051430740432,0.17387597485187703,0.0
01:42:00,0.0,1.0,1.0,0.3463905497528556,0.1443293957303565,0.43298818719106946,0.8713837268091794,0.4841020704495441,0.8078664560233164,0.21727672476537724,0.2627004216342129,0.1731950852320405,0.16878196794086828,0.0
01:43:00,0.0,1.0,1.0,0.33467465306194816,0.13944777210914508,0.41834331632743516,0.9034123594955474,0.5018957552753042,0.8200118285962303,0.21240101065377187,0.26328146284077986,0.16733707988681318,0.1621048868763076,0.0
01:44:00,0.0,1.0,1.0,0.3219667022522149,0.13415279260508955,0.4024583778152686,0.9336743468318102,0.5187079704621167,0.8256081775587474,0.20836108587101798,0.26381330756017884,0.16098307337387047,0.15577785686759402,0.0
01:45:00,0.0,1.0,1.0,0.3099902728943362,0.12916261370597343,0.3874878411179203,0.9709037308560308,0.5393909615866838,0.906423002058464,0.2049656422443871,0.264252963323366,0.15499487545038665,0.15027306699101647,0.0
01:46:00,0.0,1.0,1.0,0.29930324863080215,0.12470968692950091,0.37412906078850267,0.9992363969988278,0.5551313316660155,0.912936822066351,0.20211644560558767,0.26456849697270174,0.1496513906337484,0.14549581973818723,0.0
01:47:00,0.0,1.0,1.0,0.2899906441720424,0.12082943507168434,0.362488305215053,1.0272044582601227,0.5706691434778459,0.9232649755087858,0.19973734786341285,0.2647356671204848,0.14499511791668623,0.14140775928632426,0.0
01:48:00,0.0,1.0,1.0,0.2820075285198375,0.11750313688326564,0.35250941064979685,1.0614399359107998,0.5896888532837776,1.0001424841933209,0.1977531853266649,0.26473742775066705,0.14100358901704962,0.13794823765433784,0.0
01:49:00,0.0,1.0,1.0,0.27523701793880667,0.11468209080783612,0.3440462724235083,1.0858198541561337,0.6032332523089632,0.9877023131082334,0.1960916991883092,0.2645620252929278,0.1376183603919729,0.13503603037657913,0.0
01:50:00,0.0,1.0,1.0,0.2695210961494217,0.11230045672892572,0.3369013701867771,1.114900329172991,0.6193890717627728,1.0245888665566418,0.19468594933789735,0.2642038174457231,0.1347604229008946,0.1325802832181166,0.0
01:51:00,0.0,1.0,1.0,0.2646837734881714,0.11028490562007143,0.3308547168602142,1.1455785536046679,0.636432529780371,1.0800060976437773,0.1934761422497248,0.26366374909624835,0.1323417812335876,0.13048954717295425,0.0
01:52:00,0.0,1.0,1.0,0.2605484096834925,0.10856183736812189,0.32568551210436564,1.168276314434068,0.6490423969078155,1.0595194731007915,0.19241044928153167,0.2629438786249272,0.1302741151847609,0.12867800912039817,0.0
01:53:00,0.0,1.0,1.0,0.25694890420758404,0.10706204341982668,0.32118613025948,1.2003529577331564,0.666862754296198,1.1328793658065124,0.19144475551142942,0.26204552728074926,0.12847437469894815,0.1270684533933341,0.0
01:54:00,0.0,1.0,1.0,0.2537347116939217,0.10572279653913405,0.3171683896174021,1.2250773400501183,0.6805985222500657,1.1346497000440277,0.19054221365478055,0.26097337774414764,0.12686728745027911,0.12559231064962617,0.0
01:55:00,0.0,1.0,1.0,0.2507687996300303,0.10448699984584596,0.31346099953753787,1.2521159517295501,0.6956199731830834,1.159223332201503,0.1896728023737297,0.259733001185563,0.1253843378616497,0.12418390601500244,0.0
01:56:00,0.0,1.0,0.0,0.39416533218336197,0.16423555507640084,0.4927066652292024,1.2617185279819412,0.7009547377677451,1.1834502577661306,0.18893317662211132,0.25833143884156357,0.0,0.04257546915829408,0.0
01:57:00,0.0,1.0,0.0,0.476092313642619,0.19837179735109126,0.5951153920532737,1.2596560984251717,0.6998089435695398,1.1628553675743354,0.19152116440121203,0.25672333543273196,0.0,0.02995162513109639,0.0
01:58:00,0.0,1.0,0.0,0.5350953095219124,0.2229563789674635,0.6688691369023905,1.2625067872085496,0.7013926595603053,1.1911419664874254,0.19813537592265817,0.2547663737013409,0.0,0.024896600578985146,0.0
01:59:00,0.0,1.0,0.0,0.5380233751294062,0.22417640630391927,0.6725292189117578,1.2596553156765926,0.6998085087092181,1.1628475775946852,0.2203727260235695,0.252085335025095,0.0,2.8320000000000003e-05,0.0
02:00:00,0.0,1.0,0.0,0.528878208447544,0.22036592018647666,0.6610977605594299,1.2617291983568746,0.7009606657538192,1.183554744285703,0.24664635904590484,0.24813112413767457,0.0,-2.8320000000000003e-05,0.0
02:01:00,0.0,1.0,0.0,0.5745687585017321,0.2394036493757217,0.718210948127165,1.2609489288782132,0.7005271827101184,1.175846780163041,0.258799425725213,0.24356292875408012,0.0,-2.8320000000000003e-05,0.0
02:02:00,0.0,1.0,0.0,0.602270009289063,0.2509458372037763,0.7528375116113287,1.2602250568691442,0.700125031593969,1.1686072016388542,0.27390185971835357,0.23919519167236336,0.0,2.8320000000000003e-05,0.0
02:03:00,0.0,1.0,0.0,0.5893437245645481,0.24555988523522837,0.736679655705685,1.262257550115213,0.7012541945084516,1.188720488256154,0.2986976006129213,0.235023091666799,0.0,2.8320000000000003e-05,0.0
02:04:00,0.0,1.0,0.0,0.620913672941115,0.25871403039213126,0.7761420911763937,1.2595034234283298,0.6997241241268498,1.1613024340308042,0.31075287252364897,0.2310307400348538,0.0,0.004607093723124379,0.0
02:05:00,0.0,1.0,0.0,0.6492301103673326,0.2705125459863886,0.8115376379591657,1.2622478093212355,0.7012487829562419,1.188625498103088,0.3227154483033844,0.22719895593998263,0.0,2.8320000000000003e-05,0.0
02:06:00,0.0,1.0,0.0,0.6359297946377693,0.26497074776573726,0.7949122432972117,1.260233043198826,0.7001294684437922,1.1686878057634351,0.3445567740406304,0.22352493323492037,0.0,2.8320000000000003e-05,0.0
02:07:00,0.0,1.0,0.0,0.6695489274719512,0.2789787197799797,0.8369361593399389,1.260958269687681,0.7005323720487117,1.1759393026476745,0.35345581320633707,0.21999725281391244,0.0,-2.8320000000000003e-05,0.0
02:08:00,0.0,1.0,0.0,0.6852702248822605,0.28552926036760856,0.8565877811028256,1.2616893787415384,0.7009385437452991,1.183163911653406,0.3662862881930969,0.21660227751172817,0.0,2.8320000000000003e-05,0.0
02:09:00,0.0,1.0,0.0,0.6765807129687289,0.28190863040363706,0.8457258912109111,1.2597261932453134,0.6998478851362853,1.163566957596416,0.3845058000972342,0.21333535725988315,0.0,2.8320000000000003e-05,0.0
02:10:00,0.0,1.0,0.0,0.7159246471006058,0.2983019362919191,0.8949058088757572,1.2624097215932082,0.701338734218449,1.1902000278624965,0.38999767651115197,0.21017487530784512,0.0,-2.8320000000000003e-05,0.0
02:11:00,0.0,1.0,0.0,0.7108362131719503,0.29618175548831266,0.8885452664649379,1.259745001092003,0.6998583339400016,1.163757909491735,0.40641844100980073,0.20711416822999842,0.0,-2.8320000000000003e-05,0.0
02:12:00,0.0,1.0,0.0,0.722264350442181,0.30094347935090876,0.9028304380527261,1.2616637077395605,0.7009242820775335,1.1829114170358184,0.4175813334678891,0.20415121098115913,0.0,-2.8320000000000003e-05,0.0
02:13:00,0.0,1.0,0.0,0.7483064889585072,0.311794370399378,0.9353831111981339,1.2609702083423617,0.7005390046346454,1.1760582309067726,0.42468483304581034,0.2012750051778961,0.0,2.8320000000000003e-05,0.0
02:14:00,0.0,1.0,0.0,0.734242584310739,0.3059344101294746,0.9178032303884237,1.2602521092652776,0.700140060702932,1.1688792765299043,0.4415028789777549,0.1984852169246034,0.0,2.8320000000000003e-05,0.0
02:15:00,0.0,1.0,0.0,0.7696399435075125,0.3206833097947969,0.9620499293843906,1.2621886329528944,0.7012159071960524,1.1880490927882317,0.445501826804722,0.1957741600298494,0.0,-2.8320000000000003e-05,0.0
02:16:00,0.0,1.0,0.0,0.7622277055234505,0.31759487730143776,0.9527846319043132,1.2595900255458286,0.6997722364143492,1.162183795149553,0.45979114978269203,0.19313550612690145,0.0,2.8320000000000003e-05,0.0
02:17:00,0.0,1.0,0.0,0.7773170539157594,0.3238821057982331,0.9716463173946993,1.262159633944116,0.7011997966356199,1.1877662340356192,0.46794644264604235,0.19056861994173485,0.0,-2.8320000000000003e-05,0.0
02:18:00,0.0,1.0,0.0,0.7931714266768907,0.3304880944487045,0.9914642833461133,1.260293325949981,0.7001629588611005,1.1692931457088234,0.47551400268383115,0.18806367856536516,0.0,2.8320000000000003e-05,0.0
02:19:00,0.0,1.0,0.0,0.7849765388120536,0.3270735578383557,0.981220673515067,1.2609386893387482,0.7005214940770823,1.1757438930591508,0.488628443092986,0.1856212518477613,0.0,2.8320000000000003e-05,0.0
02:20:00,0.0,1.0,1.0,0.6759638032959794,0.2816515847066581,0.8449547541199742,1.3272822517120122,0.7373790287288956,1.2911680159591288,0.4821306702602744,0.18323558515411256,0.4259409044340212,0.3894048386635648,0.0
02:21:00,0.0,1.0,1.0,0.6908544152376966,0.2878560063490403,0.8635680190471208,1.415370924461149,0.7863171802561939,1.278941961603332,0.4244762602968376,0.18088576144316704,0.44086080385130666,0.45067051244091877,0.0
02:22:00,0.0,1.0,1.0,0.6542016806944984,0.27258403362270767,0.8177521008681229,1.5371198050203334,0.8539554472335186,1.5033808981782806,0.3791443202715902,0.17855392341705537,0.40419559216939704,0.3714927757219821,0.0
02:23:00,0.0,1.0,1.0,0.5882770492451845,0.24511543718549356,0.7353463115564807,1.6368897350003542,0.9093831861113079,1.4935235699076046,0.34763530769605916,0.17623786223908397,0.33827174713419794,0.32036730697415455,0.0
02:24:00,0.0,1.0,0.0,0.7189942269545144,0.29958092789771434,0.898742783693143,1.6643507575940057,0.9246393097744476,1.6175404974864047,0.31965282863623606,0.1739363290088921,0.0,-2.8320000000000003e-05,0.0
02:25:00,0.0,1.0,0.0,0.6389400194422965,0.2662250081009569,0.7986750243028706,1.658217134890549,0.9212317416058605,1.5495081417761272,0.3517560149104189,0.17166617856122382,0.0,2.8320000000000003e-05,0.0
02:26:00,0.0,1.0,0.0,0.6417840127370601,0.2674100053071084,0.802230015921325,1.6599678746765605,0.9222043748203114,1.5761044742463008,0.36147814371459464,0.16943668926510494,0.0,-2.8320000000000003e-05,0.0
02:27:00,0.0,1.0,0.0,0.7137812826441553,0.29740886776839803,0.8922266033051941,1.6621383137731989,0.9234101743184437,1.5987108634768732,0.3523274244491263,0.16722485495287578,0.0,2.8320000000000003e-05,0.0
02:28:00,0.0,1.0,0.0,0.6544184956245696,0.272674373176904,0.8180231195307119,1.6578623183994274,0.9210346213330152,1.536844262127313,0.37779797424498823,0.16503534624897526,0.0,2.8320000000000003e-05,0.0
02:29:00,0.0,1.0,0.0,0.6908865271509912,0.28786938631291303,0.863608158938739,1.6641396625065696,0.924522034725872,1.6158542706144707,0.37737974366031185,0.16286475939361203,0.0,0.012233109510762124,0.0
02:30:00,0.0,1.0,0.0,0.7145761571373256,0.29774006547388565,0.893220196421657,1.6581982718630144,0.9212212621461191,1.5490535491399058,0.3803950248378653,0.1607022741124344,0.0,2.8320000000000003e-05,0.0
02:31:00,0.0,1.0,0.0,0.6752022518598334,0.2813342716082639,0.8440028148247917,1.6601598966829396,0.9223110537127442,1.5783817517415688,0.3991023601244753,0.15856032514999732,0.0,2.8320000000000003e-05,0.0
02:32:00,0.0,1.0,0.0,0.730570326659783,0.3044043027749096,0.9132129083247288,1.6617837484070592,0.9232131935594773,1.5953943978942247,0.3931998067528043,0.15643315056248877,0.0,-2.8320000000000003e-05,0.0
02:33:00,0.0,1.0,0.0,0.7090015577971934,0.2954173157488306,0.8862519472464917,1.6579217779810358,0.9210676544339087,1.5396455032983098,0.40713914856362704,0.15431755539351577,0.0,2.8320000000000003e-05,0.0
02:34:00,0.0,1.0,0.0,0.7124089426415965,0.2968370594339986,0.8905111783019956,1.6639417521178241,0.9244120845099023,1.6142524887946779,0.41390161887910604,0.15222346490772415,0.0,-2.8320000000000003e-05,0.0
02:35:00,0.0,1.0,0.0,0.7480127240698256,0.31167196836242733,0.9350159050872819,1.65817987502992,0.9212110416832888,1.5486037354569786,0.41255878731975715,0.1501461463836206,0.0,-2.8320000000000003e-05,0.0
02:36:00,0.0,1.0,0.0,0.71366587743751,0.2973607822656292,0.8920823467968875,1.660351455260928,0.92241747514496,1.580591231089478,0.4287531967333064,0.1480932124129572,0.0,-2.8320000000000003e-05,0.0
02:37:00,0.0,1.0,0.0,0.7537977719834376,0.314082404993099,0.9422472149792969,1.661453078259506,0.9230294879219478,1.5922006212898276,0.42526569329682845,0.14606427721197754,0.0,-2.8320000000000003e-05,0.0
02:38:00,0.0,1.0,0.0,0.7407726204870627,0.3086552585362761,0.9259657756088283,1.6579809469835707,0.9211005261019837,1.5423689093529098,0.4356209832970873,0.14405781945960303,0.0,2.8320000000000003e-05,0.0
02:39:00,0.0,1.0,0.0,0.7427762447305671,0.30949010197106963,0.9284703059132089,1.663749898208867,0.9243054990049261,1.6126872743965537,0.44162835895155467,0.1420745123791967,0.0,-2.8320000000000003e-05,0.0
02:40:00,0.0,1.0,0.0,0.7708273830560398,0.32117807627334993,0.9635342288200497,1.6581639171794267,0.9212021762107926,1.5481910085528463,0.4410926762433362,0.14010391243733605,0.0,-2.8320000000000003e-05,0.0
02:41:00,0.0,1.0,0.0,0.7431566682134283,0.30964861175559516,0.9289458352667853,1.660542097987618,0.9225233877708988,1.5827227941252215,0.45435993149243836,0.13815286806068366,0.0,-2.8320000000000003e-05,0.0
02:42:00,0.0,1.0,0.0,0.7799800275999771,0.32499167816665714,0.9749750344999714,1.6611448659219628,0.9228582588455349,1.589114098335851,0.4507611209262837,0.13621783843090296,0.0,-2.8320000000000003e-05,0.0
02:43:00,0.0,1.0,0.0,0.7605364627860016,0.3168901928275007,0.950670578482502,1.6580527075100362,0.9211403930611312,1.5450437401223296,0.4616581990532224,0.13430293904931662,0.0,2.8320000000000003e-05,0.0
02:44:00,0.0,1.0,0.0,0.7747015345796019,0.3227923060748341,0.9683769182245023,1.6635610935088825,0.9242006075049347,1.6111238403120196,0.46363352449901646,0.13241432357773136,0.0,-2.8320000000000003e-05,0.0
02:45:00,0.0,1.0,0.0,0.7857221048001908,0.32738421033341286,0.9821526310002384,1.6581506202149816,0.9211947890083231,1.5478419727357764,0.46654036353600903,0.13054904824390123,0.0,-2.8320000000000003e-05,0.0
02:46:00,0.0,1.0,0.0,0.7706344101763686,0.32109767090682023,0.9632930127204606,1.6607294657351241,0.9226274809639579,1.5847637745658143,0.4755459665361818,0.1287121904597608,0.0,-2.8320000000000003e-05,0.0
02:47:00,0.0,0.0,0.0,0.7797225817644001,0.3248844090685001,0.9746532272055001,1.664341510086676,0.9246341722703756,1.5924792266858212,0.4727500239168864,0.12690040513224563,0.0,0.0,0.0
02:48:00,0.0,0.0,0.0,0.7797225817644001,0.3248844090685001,0.9746532272055001,1.6613735303084898,0.9229852946158277,1.5493949536946166,0.4829549793784548,0.1251148735846727,0.0,0.0,0.0
02:49:00,0.0,0.0,0.0,0.7797225817644001,0.3248844090685001,0.9746532272055001,1.666392140160394,0.9257734112002189,1.6114341131309426,0.48107782462505055,0.12335344875278104,0.0,0.0,0.0
02:50:00,1.0,0.0,0.0,0.7797225817644001,0.3248844090685001,0.9746532272055001,1.6615711821206138,0.9230951011781188,1.5550346578503895,0.4907167469983215,0.12161537562665177,0.0,0.0,0.0
02:51:00,1.0,1.0,1.0,0.6435643515757365,0.2681518131565569,0.8044554394696707,0.9524872550467004,0.5291595861370557,1.057143316309006,0.46740990687152045,0.11989855419350433,0.39355788395461033,0.40895433259960673,2.5988898052078158
02:52:00,1.0,1.0,1.0,0.6882988693080063,0.28679119554500265,0.8603735866350078,0.6025725599298439,0.33476253329435773,0.6009884812026763,0.396116483402351,0.1181803234591469,0.4383036404415156,0.43109649662337624,1.568355895911973
02:53:00,1.0,1.0,1.0,0.6161277813435374,0.2567199088931406,0.7701597266794217,0.4434766579011805,0.2463759210562114,0.469648502163981,0.35466851910981206,0.11646093437219869,0.36611855859121645,0.3294702456084368,0.8991846895171918
02:54:00,1.0,1.0,1.0,0.555400241619552,0.23141676734148003,0.69425030202444,0.3557708949382359,0.1976504971879088,0.39914743998901775,0.31882116146526374,0.11475041588118551,0.3053961051770172,0.2897763397537098,0.581934395173876
02:55:00,1.0,1.0,1.0,0.5205219848801462,0.2168841603667276,0.6506524811001827,0.3077945405078325,0.17099696694879582,0.36612903970448196,0.2821794401528413,0.11304618628595361,0.2705190827931607,0.2551216306284465,0.4148948851100029
02:56:00,1.0,1.0,1.0,0.47828353201501744,0.19928480500625728,0.5978544150187718,0.2787036573944577,0.15483536521914315,0.3438521663063655,0.2515453302346454,0.11134820788514076,0.23914092191172526,0.21842211415959042,0.3283664377642523
02:57:00,1.0,1.0,1.0,0.4237429356106604,0.17655955650444183,0.5296786695133254,0.25797953752551955,0.14332196529195532,0.3240939793757088,0.2262077627000396,0.10965892060511757,0.2118703142292297,0.18802237112477813,0.2795159798079032
02:58:00,1.0,1.0,1.0,0.3653921636270816,0.15224673484461734,0.456740204533852,0.2396283731971033,0.13312687399839074,0.30371494271842414,0.2045287957570051,0.1079813563402709,0.18269481548088234,0.15837218846032744,0.2445994535504451
02:59:00,1.0,1.0,1.0,0.3099678190423227,0.12915325793430113,0.3874597738029033,0.22182346740863398,0.12323525967146332,0.28368364282314484,0.18499092048632887,0.10631161799437931,0.1549825921494931,0.13428191134395293,0.21279662794193518
